model,dataset,accuracy,precision,recall,f1,fpr,fnr,tp,tn,fp,fn,requires_training
MiniLM+SVM,SPML English,0.989193083573487,0.9985315712187959,0.9798270893371758,0.989090909090909,0.001440922190201729,0.020172910662824207,680,693,1,14,True
Zero-shot NLI,SPML English,0.5684438040345822,1.0,0.13688760806916425,0.24081115335868183,0.0,0.8631123919308358,95,694,0,599,False
